<?xml version="1.0" encoding="UTF-8"?>
<beans xmlns="http://www.springframework.org/schema/beans"
	xmlns:xsi="http://www.w3.org/2001/XMLSchema-instance"
	xmlns:context="http://www.springframework.org/schema/context"
	xmlns:mvc="http://www.springframework.org/schema/mvc"
	xsi:schemaLocation="http://www.springframework.org/schema/mvc http://www.springframework.org/schema/mvc/spring-mvc-4.3.xsd
		http://www.springframework.org/schema/beans https://www.springframework.org/schema/beans/spring-beans.xsd
		http://www.springframework.org/schema/context http://www.springframework.org/schema/context/spring-context-4.3.xsd">

	<!-- 다음 2가지는 무조건 지정 -->
	<mvc:annotation-driven />
	<mvc:default-servlet-handler />

	<!-- interceptor 경로 지정 -->
	<mvc:interceptors>
		<mvc:interceptor>
			<mvc:mapping path="/loginCheck/*" />
				<ref bean="xx" />

		</mvc:interceptor>
		<!--  <mvc:interceptor>
			<mvc:mapping path="/mypage" />
				<ref bean="xx" />

		</mvc:interceptor>-->
	</mvc:interceptors>


	<!-- servlet- context -->

	<!-- JSP용 InternalResouceViewResolver -->
	<bean
		class="org.springframework.web.servlet.view.InternalResourceViewResolver">
		<property name="prefix" value="/WEB-INF/views/"></property>
		<property name="suffix" value=".jsp"></property>
	</bean>

	<context:component-scan base-package="com.*" />
</beans>
